{
  "urls": [
    "audio.mp3"
  ],
  "sprite": {
    "brasserie_loop": [
      0,
      15072.65306122449
    ],
    "car_loop": [
      17000,
      18102.857142857145
    ],
    "city_loop": [
      37000,
      20114.285714285714
    ],
    "low_brasserie_loop": [
      59000,
      15098.775510204077
    ]
  }
}